{"name":"a0709cf0-9249-443b-ae0e-7d02fa4c2406","id":"/providers/Microsoft.Flow/flows/a0709cf0-9249-443b-ae0e-7d02fa4c2406","type":"Microsoft.Flow/flows","properties":{"apiId":"/providers/Microsoft.PowerApps/apis/shared_logicflows","displayName":"Convert email and save as PDF in OneDrive","definition":{"metadata":{"workflowEntityId":null,"processAdvisorMetadata":null,"flowclientsuspensionreason":"None","flowclientsuspensiontime":null,"flowclientsuspensionreasondetails":null,"creator":{"id":"2de2f18a-4411-43a5-8696-3eb402d02283","type":"User","tenantId":"94cb2578-d6d1-4d81-b1a4-f4f2a94a8ee0"},"provisioningMethod":"FromDefinition","failureAlertSubscription":true,"clientLastModifiedTime":"2022-11-15T18:25:10.9547847Z"},"$schema":"https://schema.management.azure.com/providers/Microsoft.Logic/schemas/2016-06-01/workflowdefinition.json#","contentVersion":"1.0.0.0","parameters":{"$connections":{"defaultValue":{},"type":"Object"},"$authentication":{"defaultValue":{},"type":"SecureObject"}},"triggers":{"manual":{"metadata":{"operationMetadataId":"79071baf-2668-42ea-816b-f5dbc4fad6ea"},"type":"Request","kind":"PowerApp","inputs":{"schema":{"type":"object","properties":{"Exportemail(V2)_MessageId":{"type":"string","description":"Id of the email to export.","x-ms-powerflows-param-ispartial":false},"Compose_Inputs":{"type":"any","description":"Inputs","x-ms-powerflows-param-ispartial":false}},"required":["Exportemail(V2)_MessageId","Compose_Inputs"]}}}},"actions":{"Export_email_":{"runAfter":{},"metadata":{"operationMetadataId":"0a947df7-df0e-4503-8b95-5ef7c0e2708f"},"type":"OpenApiConnection","inputs":{"host":{"apiId":"/providers/Microsoft.PowerApps/apis/shared_office365","connectionName":"shared_office365","operationId":"ExportEmail_V2"},"parameters":{"messageId":"@triggerBody()['Exportemail(V2)_MessageId']"},"authentication":{"value":"@json(decodeBase64(triggerOutputs().headers['X-MS-APIM-Tokens']))['$ConnectionKey']","type":"Raw"}}},"Convert_file_to_pdf":{"runAfter":{"Create_folder_and_email_file":["Succeeded"]},"metadata":{"operationMetadataId":"fcd90a29-c95f-462f-822e-c955b67bd118"},"type":"OpenApiConnection","inputs":{"host":{"apiId":"/providers/Microsoft.PowerApps/apis/shared_onedriveforbusiness","connectionName":"shared_onedriveforbusiness","operationId":"ConvertFile"},"parameters":{"id":"@outputs('Create_folder_and_email_file')?['body/Id']","type":"PDF"},"authentication":{"value":"@json(decodeBase64(triggerOutputs().headers['X-MS-APIM-Tokens']))['$ConnectionKey']","type":"Raw"}}},"Create_pdf_file_":{"runAfter":{"Convert_file_to_pdf":["Succeeded"]},"metadata":{"operationMetadataId":"8f077f12-1bca-40e8-af3e-ef04c1005ed8"},"type":"OpenApiConnection","inputs":{"host":{"apiId":"/providers/Microsoft.PowerApps/apis/shared_onedriveforbusiness","connectionName":"shared_onedriveforbusiness","operationId":"CreateFile"},"parameters":{"folderPath":"/SavedEmailPDFs/PDFVersions","name":"EmailPDF-@{outputs('Compose')}.pdf","body":"@body('Convert_file_to_pdf')"},"authentication":{"value":"@json(decodeBase64(triggerOutputs().headers['X-MS-APIM-Tokens']))['$ConnectionKey']","type":"Raw"}},"runtimeConfiguration":{"contentTransfer":{"transferMode":"Chunked"}}},"Create_folder_and_email_file":{"runAfter":{"Compose":["Succeeded"]},"metadata":{"operationMetadataId":"97a98db4-5bad-45aa-a260-0dfe0ab17810"},"type":"OpenApiConnection","inputs":{"host":{"apiId":"/providers/Microsoft.PowerApps/apis/shared_onedriveforbusiness","connectionName":"shared_onedriveforbusiness","operationId":"CreateFile"},"parameters":{"folderPath":"/SavedEmailPDFs/EmailVersions","name":"Email-@{triggerBody()['Exportemail(V2)_MessageId']}.eml","body":"@body('Export_email_')"},"authentication":{"value":"@json(decodeBase64(triggerOutputs().headers['X-MS-APIM-Tokens']))['$ConnectionKey']","type":"Raw"}},"runtimeConfiguration":{"contentTransfer":{"transferMode":"Chunked"}}},"Compose":{"runAfter":{"Export_email_":["Succeeded"]},"metadata":{"operationMetadataId":"91f655f4-f07e-4f7a-942b-f4d52fae86e5"},"type":"Compose","inputs":"@triggerBody()['Compose_Inputs']"}}},"connectionReferences":{"shared_office365":{"connectionName":"f965b4f7480940de9013a37fac668321","source":"Invoker","id":"/providers/Microsoft.PowerApps/apis/shared_office365","tier":"NotSpecified"},"shared_onedriveforbusiness":{"connectionName":"shared-onedriveforbu-c5260b32-54c3-498c-a801-b2fec5fbbf91","source":"Invoker","id":"/providers/Microsoft.PowerApps/apis/shared_onedriveforbusiness","tier":"NotSpecified"}},"flowFailureAlertSubscribed":false,"isManaged":false}}