{"schemaVersion":"1.0","appDefinitionTemplate":{"id":"/providers/Microsoft.PowerApps/apps/","type":"Microsoft.PowerApps/apps","tags":{"primaryDeviceWidth":"1366","primaryDeviceHeight":"768","supportsPortrait":"true","supportsLandscape":"true","primaryFormFactor":"Tablet","publisherVersion":"3.22111.19","minimumRequiredApiVersion":"2.2.0","hasComponent":"false","hasUnlockedComponent":"false","isUnifiedRootApp":"false","sienaVersion":"20221122T204319Z-3.22111.19.0"},"properties":{"appVersion":"2022-11-22T20:43:19Z","lifeCycleId":"Published","createdByClientVersion":{"major":3,"minor":22111,"build":19,"revision":0,"majorRevision":0,"minorRevision":0},"minClientVersion":{"major":3,"minor":22111,"build":19,"revision":0,"majorRevision":0,"minorRevision":0},"backgroundColor":"rgba(171, 237, 218, 1)","backgroundImageUri":"/11059885389451621914/N4485f446-fb0b-43e8-8efd-6c6cf8a62b26-logoSmallFile","displayName":"Email to PDF Converter","description":"","commitMessage":"","appUris":{"documentUri":{"value":"/11059885389451621914/N60497aa2-eee6-4157-b32d-e6706f70fe0b-document.msapp"},"imageUris":[],"additionalUris":[]},"createdTime":"0001-01-01T00:00:00Z","lastModifiedTime":"0001-01-01T00:00:00Z","sharedGroupsCount":0,"sharedUsersCount":0,"icons":{"smallIconUri":"/11059885389451621914/N15101710-50ed-4c28-a6a1-64b9fe0bb55a-small.png","mediumIconUri":"/11059885389451621914/N05213c89-506a-4647-ad80-cfe0ec0fe372-medium.png","largeIconUri":"/11059885389451621914/N8b141d03-d495-4ab8-9a96-08bb58a50578-large.png","wideIconUri":"/11059885389451621914/Nf1aa7e7a-9e69-4e31-81fe-cf6eb624da87-wide.png"},"connectionReferences":{"e67bf28f-0704-409e-9f4b-4ed51fafb6d9":{"id":"28d8909e-22c8-4912-b5c8-ddd6d4d72250","displayName":"Office 365 Outlook","iconUri":"https://connectoricons-prod.azureedge.net/releases/v1.0.1599/1.0.1599.3017/office365/icon.png","dataSources":["Office365Outlook"],"dependencies":[],"dependents":["c021f2cd-4ba4-40a7-943c-77e9ed9c11f1"],"parameterHints":{},"parameterHintsV2":{},"isOnPremiseConnection":false,"bypassConsent":false,"dataSets":{},"apiTier":"Standard","isCustomApiConnection":false,"actions":["GetEmailsV3"]},"91cdadab-6481-4d79-82c5-0403d0ab8376":{"id":"ee63cd81-3633-40a6-9621-465ceaf590cc","displayName":"Office 365 Users","iconUri":"https://connectoricons-prod.azureedge.net/releases/v1.0.1593/1.0.1593.2980/office365users/icon.png","dataSources":["Office365Users"],"dependencies":[],"dependents":[],"parameterHints":{},"parameterHintsV2":{},"isOnPremiseConnection":false,"bypassConsent":false,"dataSets":{},"apiTier":"Standard","isCustomApiConnection":false},"c021f2cd-4ba4-40a7-943c-77e9ed9c11f1":{"id":"fdcd44b7-3724-4168-b4ed-a1c4f7e1904f","displayName":"Logic flows","iconUri":"https://connectoricons-prod.azureedge.net/releases/v1.0.1534/1.0.1534.2605/logicflows/icon.png","dataSources":["PowerApp->Exportemail,Convertfile,Createfile,Savefile"],"dependencies":["e67bf28f-0704-409e-9f4b-4ed51fafb6d9","2154f849-e4f5-4b51-a2ba-2360524bb220"],"dependents":[],"parameterHints":{"workflowName":{"value":"0532d447-cf9c-4c31-b346-bfbad3512add"},"workflowEntityId":{},"e67bf28f-0704-409e-9f4b-4ed51fafb6d9":{"value":"shared_office365"},"2154f849-e4f5-4b51-a2ba-2360524bb220":{"value":"shared_onedriveforbusiness"}},"parameterHintsV2":{"workflowName":{"value":"0532d447-cf9c-4c31-b346-bfbad3512add"},"workflowEntityId":{},"shared_office365":{"value":"e67bf28f-0704-409e-9f4b-4ed51fafb6d9"},"shared_onedriveforbusiness":{"value":"2154f849-e4f5-4b51-a2ba-2360524bb220"}},"isOnPremiseConnection":false,"bypassConsent":false,"dataSets":{},"apiTier":"Standard","isCustomApiConnection":false,"actions":["Run"],"nestedActions":[{"id":"/providers/Microsoft.PowerApps/apis/shared_office365/apiOperations/ExportEmail_V2","apiName":"Office 365 Outlook","actionName":"ExportEmail_V2","referencedResources":[]},{"id":"/providers/Microsoft.PowerApps/apis/shared_onedriveforbusiness/apiOperations/ConvertFile","apiName":"OneDrive for Business","actionName":"ConvertFile","referencedResources":[]},{"id":"/providers/Microsoft.PowerApps/apis/shared_onedriveforbusiness/apiOperations/CreateFile","apiName":"OneDrive for Business","actionName":"CreateFile","referencedResources":[]}]},"2154f849-e4f5-4b51-a2ba-2360524bb220":{"id":"4436a5b2-7789-487e-971d-31279a69a29d","displayName":"OneDrive for Business","iconUri":"https://connectoricons-prod.azureedge.net/releases/v1.0.1546/1.0.1546.2665/onedriveforbusiness/icon.png","dataSources":[],"dependencies":[],"dependents":["c021f2cd-4ba4-40a7-943c-77e9ed9c11f1"],"parameterHints":{},"parameterHintsV2":{},"isOnPremiseConnection":false,"bypassConsent":false,"dataSets":{},"apiTier":"Standard","isCustomApiConnection":false}},"databaseReferences":{},"almMode":"Environment","performanceOptimizationEnabled":true,"canConsumeAppPass":true,"enableModernRuntimeMode":false,"executionRestrictions":{"isTeamsOnly":false,"dataLossPreventionEvaluationResult":{"status":"Compliant","lastEvaluationDate":"2022-11-22T20:43:42.547216Z","violations":[],"violationsByPolicy":[],"violationErrorMessage":"The app uses the following connectors: shared_office365, shared_office365users, shared_logicflows, shared_onedriveforbusiness."},"httpActionRestriction":{"appUsesSharepointHttpAction":false,"enforcementStrategy":"Legacy","evaluationTime":"2022-11-22T20:43:42.5470137Z"}}},"appType":"ClassicCanvasApp","appComponents":[]}}