{"schemaVersion":"1.0","appDefinitionTemplate":{"id":"/providers/Microsoft.PowerApps/apps/","type":"Microsoft.PowerApps/apps","tags":{"primaryDeviceWidth":"1366","primaryDeviceHeight":"768","supportsPortrait":"true","supportsLandscape":"true","primaryFormFactor":"Tablet","publisherVersion":"3.22114.18","minimumRequiredApiVersion":"2.2.0","hasComponent":"false","hasUnlockedComponent":"false","isUnifiedRootApp":"false","sienaVersion":"20221210T222552Z-3.22114.18.0"},"properties":{"appVersion":"2022-12-10T22:25:52Z","lifeCycleId":"Published","createdByClientVersion":{"major":3,"minor":22114,"build":18,"revision":0,"majorRevision":0,"minorRevision":0},"minClientVersion":{"major":3,"minor":22114,"build":18,"revision":0,"majorRevision":0,"minorRevision":0},"backgroundColor":"RGBA(0,176,240,1)","backgroundImageUri":"/3672931789405243982/N99098c9a-19c4-49bc-b900-84a61aaa5047-logoSmallFile","displayName":"App design template creator","description":"","commitMessage":"","appUris":{"documentUri":{"value":"/3672931789405243982/N6c15e6f5-c9f9-41d6-a16e-948af399416a-document.msapp"},"imageUris":[],"additionalUris":[]},"createdTime":"0001-01-01T00:00:00Z","lastModifiedTime":"0001-01-01T00:00:00Z","sharedGroupsCount":0,"sharedUsersCount":0,"icons":{"smallIconUri":"/3672931789405243982/N95ec9b86-b0fe-46f7-b90c-1927bc6d611c-small.png","mediumIconUri":"/3672931789405243982/Nce5c3dd0-489a-4489-a995-2459ade33973-medium.png","largeIconUri":"/3672931789405243982/N74182b1a-c8ba-40ca-94f5-35ea08079046-large.png","wideIconUri":"/3672931789405243982/N7010bd3a-58aa-4cc6-9c0e-aa33fd7c2a3a-wide.png"},"connectionReferences":{"5e73082f-2005-4cc8-9474-e47c016102e7":{"id":"fdcd44b7-3724-4168-b4ed-a1c4f7e1904f","displayName":"Logic flows","iconUri":"https://connectoricons-prod.azureedge.net/releases/v1.0.1534/1.0.1534.2605/logicflows/icon.png","dataSources":["SaveTemplatePDFinOneDrive"],"dependencies":["24b2b9fb-8829-4456-8d37-fcfacc32680f"],"dependents":[],"parameterHints":{"workflowName":{"value":"11dba57a-4f30-4cbb-832d-69866a3af641"},"workflowEntityId":{},"24b2b9fb-8829-4456-8d37-fcfacc32680f":{"value":"shared_onedriveforbusiness"}},"parameterHintsV2":{"workflowName":{"value":"11dba57a-4f30-4cbb-832d-69866a3af641"},"workflowEntityId":{},"shared_onedriveforbusiness":{"value":"24b2b9fb-8829-4456-8d37-fcfacc32680f"}},"isOnPremiseConnection":false,"bypassConsent":false,"dataSets":{},"apiTier":"Standard","isCustomApiConnection":false,"nestedActions":[{"id":"/providers/Microsoft.PowerApps/apis/shared_onedriveforbusiness/apiOperations/CreateFile","apiName":"OneDrive for Business","actionName":"CreateFile","referencedResources":[]}]},"24b2b9fb-8829-4456-8d37-fcfacc32680f":{"id":"4436a5b2-7789-487e-971d-31279a69a29d","displayName":"OneDrive for Business","iconUri":"https://connectoricons-prod.azureedge.net/releases/v1.0.1546/1.0.1546.2665/onedriveforbusiness/icon.png","dataSources":[],"dependencies":[],"dependents":["5e73082f-2005-4cc8-9474-e47c016102e7"],"parameterHints":{},"parameterHintsV2":{},"isOnPremiseConnection":false,"bypassConsent":false,"dataSets":{},"apiTier":"Standard","isCustomApiConnection":false}},"databaseReferences":{},"almMode":"Environment","performanceOptimizationEnabled":true,"canConsumeAppPass":true,"enableModernRuntimeMode":false,"executionRestrictions":{"isTeamsOnly":false,"dataLossPreventionEvaluationResult":{"status":"Compliant","lastEvaluationDate":"2022-12-10T22:26:11.6787852Z","violations":[],"violationsByPolicy":[],"violationErrorMessage":"The app uses the following connectors: shared_logicflows, shared_onedriveforbusiness."},"httpActionRestriction":{"appUsesSharepointHttpAction":false,"enforcementStrategy":"Legacy","evaluationTime":"2022-12-10T22:26:11.6786888Z"}}},"appType":"ClassicCanvasApp","appComponents":[]}}